Timestamp,Coin Name,Current Price,24h Change,Market Cap
2026-09-29 17:37:16,Bitcoin BTC,"$84,398.81",0.5%,"$1,695,571,406,771"
2026-09-29 17:37:16,Ethereum ETH,"$2,731.22",0.6%,"$333,437,312,369"
2026-09-29 17:37:16,Tether USDT,$0.9998,0.0%,"$183,828,615,704"
2026-09-29 17:37:17,BNB BNB,$766.58,0.4%,"$102,045,814,893"
2026-09-29 17:37:17,XRP XRP,$1.52,0.8%,"$95,471,198,658"
2026-09-29 17:37:17,USDC USDC,$1,0.0%,"$74,710,418,147"
2026-09-29 17:37:17,Solana SOL,$120.20,0.7%,"$70,655,798,647"
2026-09-29 17:37:17,TRON TRX,$0.3354,0.0%,"$31,851,842,391"
2026-09-29 17:37:17,Zcash ZEC,"$1,455.37",2.7%,"$24,688,223,545"
2026-09-29 17:37:17,Figure Heloc FIGR_HELOC,$1.00,-,"$23,257,572,707"
2026-09-29 17:53:11,Bitcoin BTC,"$84,233.42",0.3%,"$1,692,009,086,316"
2026-09-29 17:53:11,Ethereum ETH,"$2,734.95",0.7%,"$333,867,190,634"
2026-09-29 17:53:11,Tether USDT,$0.9998,0.0%,"$183,834,475,359"
2026-09-29 17:53:11,BNB BNB,$765.66,0.3%,"$101,952,013,240"
2026-09-29 17:53:11,XRP XRP,$1.51,0.6%,"$95,228,774,777"
2026-09-29 17:53:11,USDC USDC,$0.9999,0.0%,"$74,711,026,902"
2026-09-29 17:53:11,Solana SOL,$120.10,0.7%,"$70,598,543,900"
2026-09-29 17:53:11,TRON TRX,$0.3356,0.0%,"$31,870,096,437"
2026-09-29 17:53:11,Zcash ZEC,"$1,442.45",1.9%,"$24,457,359,768"
2026-09-29 17:53:11,Figure Heloc FIGR_HELOC,$1.00,-,"$23,256,931,675"
2026-09-29 17:55:30,Bitcoin BTC,"$84,202.56",0.2%,"$1,691,835,835,129"
2026-09-29 17:55:30,Ethereum ETH,"$2,734.37",0.7%,"$333,851,578,853"
2026-09-29 17:55:30,Tether USDT,$0.9998,0.0%,"$183,833,145,981"
2026-09-29 17:55:30,BNB BNB,$764.97,0.2%,"$101,880,064,096"
2026-09-29 17:55:30,XRP XRP,$1.51,0.5%,"$95,206,344,509"
2026-09-29 17:55:30,USDC USDC,$0.9999,0.0%,"$74,711,538,594"
2026-09-29 17:55:30,Solana SOL,$120.08,0.7%,"$70,603,360,712"
2026-09-29 17:55:30,TRON TRX,$0.3354,0.0%,"$31,865,427,299"
2026-09-29 17:55:30,Zcash ZEC,"$1,440.56",1.8%,"$24,442,858,402"
2026-09-29 17:55:30,Figure Heloc FIGR_HELOC,$1.00,-,"$23,257,132,680"
2026-09-29 18:03:28,Bitcoin BTC,"$84,199.85",0.1%,"$1,691,525,534,650"
2026-09-29 18:03:28,Ethereum ETH,"$2,737.70",0.6%,"$334,191,093,750"
2026-09-29 18:03:28,Tether USDT,$0.9998,0.0%,"$183,828,916,239"
2026-09-29 18:03:28,BNB BNB,$764.88,0.1%,"$101,844,336,643"
2026-09-29 18:03:28,XRP XRP,$1.52,0.4%,"$95,312,613,574"
2026-09-29 18:03:28,USDC USDC,$0.9999,0.0%,"$74,710,196,440"
2026-09-29 18:03:28,Solana SOL,$120.22,0.6%,"$70,661,673,224"
2026-09-29 18:03:28,TRON TRX,$0.3355,0.0%,"$31,867,189,186"
2026-09-29 18:03:28,Zcash ZEC,"$1,440.82",1.5%,"$24,437,158,697"
2026-09-29 18:03:28,Figure Heloc FIGR_HELOC,$1.00,-,"$23,257,626,172"
2026-09-29 18:12:42,Bitcoin BTC,"$84,376.58",0.2%,"$1,695,201,052,034"
2026-09-29 18:12:42,Ethereum ETH,"$2,742.29",0.6%,"$334,806,529,463"
2026-09-29 18:12:42,Tether USDT,$0.9998,0.0%,"$183,841,459,046"
2026-09-29 18:12:42,BNB BNB,$766.53,0.2%,"$102,070,452,843"
2026-09-29 18:12:42,XRP XRP,$1.55,2.7%,"$97,163,612,281"
2026-09-29 18:12:42,USDC USDC,$1,0.0%,"$74,715,331,968"
2026-09-29 18:12:42,Solana SOL,$120.74,0.9%,"$70,987,212,132"
2026-09-29 18:12:42,TRON TRX,$0.3355,0.0%,"$31,861,119,392"
2026-09-29 18:12:42,Zcash ZEC,"$1,438.74",0.9%,"$24,398,981,549"
2026-09-29 18:12:42,Figure Heloc FIGR_HELOC,$1.00,-,"$23,256,009,217"
2026-09-29 18:15:33,Bitcoin BTC,"$84,362.84",0.2%,"$1,694,925,110,892"
2026-09-29 18:15:33,Ethereum ETH,"$2,740.39",0.7%,"$334,574,971,647"
2026-09-29 18:15:33,Tether USDT,$0.9998,0.0%,"$183,832,966,293"
2026-09-29 18:15:33,BNB BNB,$766.49,0.3%,"$102,064,824,372"
2026-09-29 18:15:33,XRP XRP,$1.55,2.6%,"$97,523,060,128"
2026-09-29 18:15:33,USDC USDC,$0.9999,0.0%,"$74,710,464,871"
2026-09-29 18:15:33,Solana SOL,$120.69,0.9%,"$70,946,430,984"
2026-09-29 18:15:33,TRON TRX,$0.3355,0.0%,"$31,865,050,721"
2026-09-29 18:15:33,Zcash ZEC,"$1,437.41",0.8%,"$24,376,490,259"
2026-09-29 18:15:33,Figure Heloc FIGR_HELOC,$1.00,-,"$23,257,113,392"
2026-09-29 18:19:35,Bitcoin BTC,"$84,267.39",0.0%,"$1,693,007,344,331"
2026-09-29 18:19:35,Ethereum ETH,"$2,736.07",0.4%,"$334,046,926,897"
2026-09-29 18:19:35,Tether USDT,$0.9998,0.0%,"$183,834,960,603"
2026-09-29 18:19:35,BNB BNB,$765.07,0.1%,"$101,875,912,268"
2026-09-29 18:19:35,XRP XRP,$1.55,2.4%,"$97,405,012,364"
2026-09-29 18:19:35,USDC USDC,$0.9999,0.0%,"$74,712,088,634"
2026-09-29 18:19:35,Solana SOL,$120.49,0.5%,"$70,831,608,225"
2026-09-29 18:19:35,TRON TRX,$0.3354,0.0%,"$31,852,349,843"
2026-09-29 18:19:35,Zcash ZEC,"$1,439.72",0.5%,"$24,415,609,259"
2026-09-29 18:19:35,Figure Heloc FIGR_HELOC,$1.00,-,"$23,256,889,297"
2026-09-29 18:29:14,Bitcoin BTC,"$84,341.52",0.0%,"$1,694,496,798,471"
2026-09-29 18:29:14,Ethereum ETH,"$2,735.76",0.0%,"$334,008,997,743"
2026-09-29 18:29:14,Tether USDT,$0.9998,0.0%,"$183,836,187,435"
2026-09-29 18:29:14,BNB BNB,$765.48,0.1%,"$101,930,564,415"
2026-09-29 18:29:14,XRP XRP,$1.55,2.1%,"$97,459,987,885"
2026-09-29 18:29:14,USDC USDC,$0.9999,0.0%,"$74,711,374,055"
2026-09-29 18:29:14,Solana SOL,$120.70,0.4%,"$70,953,701,364"
2026-09-29 18:29:14,TRON TRX,$0.3351,0.1%,"$31,821,261,080"
2026-09-29 18:29:14,Zcash ZEC,"$1,441.32",0.7%,"$24,442,792,221"
2026-09-29 18:29:14,Figure Heloc FIGR_HELOC,$1.00,-,"$23,256,663,711"
2026-09-30 13:26:12,Bitcoin BTC,"$83,397.89",0.5%,"$1,675,539,358,331"
2026-09-30 13:26:12,Ethereum ETH,"$2,675.53",0.5%,"$326,663,651,995"
2026-09-30 13:26:12,Tether USDT,$0.9997,0.0%,"$183,809,127,413"
2026-09-30 13:26:12,BNB BNB,$759.99,0.4%,"$101,199,621,400"
2026-09-30 13:26:12,XRP XRP,$1.50,0.6%,"$94,828,709,393"
2026-09-30 13:26:12,USDC USDC,$0.9999,0.0%,"$74,361,856,108"
2026-09-30 13:26:12,Solana SOL,$118.71,0.4%,"$69,804,111,095"
2026-09-30 13:26:12,TRON TRX,$0.3381,0.2%,"$32,111,614,068"
2026-09-30 13:26:12,Zcash ZEC,"$1,413.36",1.2%,"$23,970,662,609"
2026-09-30 13:26:12,Figure Heloc FIGR_HELOC,$1.03,0.0%,"$23,956,108,656"
2026-09-30 13:48:39,Bitcoin BTC,"$83,154.06",0.1%,"$1,670,300,846,487"
2026-09-30 13:48:39,Ethereum ETH,"$2,667.67",0.1%,"$325,618,189,021"
2026-09-30 13:48:39,Tether USDT,$0.9997,0.0%,"$183,808,276,383"
2026-09-30 13:48:39,BNB BNB,$758.29,0.1%,"$100,939,254,022"
2026-09-30 13:48:39,XRP XRP,$1.50,0.0%,"$94,314,699,548"
2026-09-30 13:48:39,USDC USDC,$0.9999,0.0%,"$74,361,600,028"
2026-09-30 13:48:39,Solana SOL,$118.16,0.0%,"$69,445,678,186"
2026-09-30 13:48:39,TRON TRX,$0.3379,0.1%,"$32,088,809,898"
2026-09-30 13:48:39,Figure Heloc FIGR_HELOC,$1.03,0.0%,"$23,956,125,998"
2026-09-30 13:48:39,Zcash ZEC,"$1,402.63",0.5%,"$23,761,514,637"
